marketplace_url,name,name_alternate,description,opening_hours,location,area,size,province,canton,district,postal_code,address,phone,email,website,facebook,instagram,opening_date,operator,branch,marketplace_type,parking,bicycle_parking,fairground,indoor,toilets,handwashing,drinking_water,food,drinks,handicrafts,butcher,dairy,seafood,spices,garden_centre,florist,other_services
alajuela,Alajuela,"Plaza Ferias, Feria de San Rafael de Alajuela, El Mayoreo de Alajuela",,Fr 12:00-20:00; Sa 06:00-13:00,SRID=4326;POINT (-84.2190568571068 10.013534238571),"SRID=4326;POLYGON ((-83.9343774318695 9.967492765206455, -84.09253120422363 9.9290005763965, -84.08341705799103 9.778496959885052, -83.90381097793579 9.69983539777535, -83.80019187927246 9.78447063109153, -83.69711458683015 9.914389794902185, -83.86083126068115 9.908265226548764, -83.86308968067169 9.980938863268324, -83.90461564064026 10.052117305131944, -83.9343774318695 9.967492765206455))",XL,Alajuela,Alajuela,Alajuela,20101,"en Plaza Ferias. De la bomba Santa Anita, 200 m al oeste. Del PriceSmart de Alajuela, 250 m al este. Por Ekono",24432010,pferias@plazaferias.com,,https://www.facebook.com/people/Plaza-Ferias-Alajuela/100064584170065/,,,Plaza Ferias,,mercado,surface,true,true,true,true,true,true,true,true,true,true,true,true,,true,true,
alajuelita,Alajuelita,,,Sa 05:00-14:00,SRID=4326;POINT (-84.0995035531553 9.90333588789531),"SRID=4326;POLYGON ((-83.9343774318695 9.967492765206455, -84.09253120422363 9.9290005763965, -84.08341705799103 9.778496959885052, -83.90381097793579 9.69983539777535, -83.80019187927246 9.78447063109153, -83.69711458683015 9.914389794902185, -83.86083126068115 9.908265226548764, -83.86308968067169 9.980938863268324, -83.90461564064026 10.052117305131944, -83.9343774318695 9.967492765206455))",,San José,Alajuelita,Alajuelita,11001,al costado norte de la iglesia católica de Alajuelita ,24185712,,,https://m.facebook.com/municipalidadalajuelita/?__tn__=C-R,,,,Central Central,feria,street_side,false,false,false,false,true,true,true,true,false,false,true,true,,true,false,
aranjuez,Aranjuez,Feria Verde,,Sa 05:00-12:00,SRID=4326;POINT (-84.0681364969478 9.94005531606972),"SRID=4326;POLYGON ((-83.9343774318695 9.967492765206455, -84.09253120422363 9.9290005763965, -84.08341705799103 9.778496959885052, -83.90381097793579 9.69983539777535, -83.80019187927246 9.78447063109153, -83.69711458683015 9.914389794902185, -83.86083126068115 9.908265226548764, -83.86308968067169 9.980938863268324, -83.90461564064026 10.052117305131944, -83.9343774318695 9.967492765206455))",S,San José,San José,Carmen,10101,"en el Polideportivo de Aranjuez, frente a la oficina administrativa de la Casa Cantonal de la Juventud ",,info@feriaverde.org,,https://www.facebook.com/FeriaVerde/about,,,,,mercado,surface,false,true,true,true,true,true,true,true,true,false,false,false,,true,true,
aserri,Aserrí,,,Sa 05:00-13:00,SRID=4326;POINT (-84.0911683644874 9.85779629768018),"SRID=4326;POLYGON ((-83.9343774318695 9.967492765206455, -84.09253120422363 9.9290005763965, -84.08341705799103 9.778496959885052, -83.90381097793579 9.69983539777535, -83.80019187927246 9.78447063109153, -83.69711458683015 9.914389794902185, -83.86083126068115 9.908265226548764, -83.86308968067169 9.980938863268324, -83.90461564064026 10.052117305131944, -83.9343774318695 9.967492765206455))",,San José,Aserrí,Aserrí,10601,en el Polideportivo de Aserrí,88350758,,,,,,Centro Agrícola Cantonal de Aserrí,Central Central,feria,surface,false,false,true,true,true,true,true,true,false,true,true,true,,true,true,
atenas,Atenas,,,We 12:00-20:00; Th 06:00-12:00,SRID=4326;POINT (-84.3688177562949 9.97644023385185),"SRID=4326;POLYGON ((-83.9343774318695 9.967492765206455, -84.09253120422363 9.9290005763965, -84.08341705799103 9.778496959885052, -83.90381097793579 9.69983539777535, -83.80019187927246 9.78447063109153, -83.69711458683015 9.914389794902185, -83.86083126068115 9.908265226548764, -83.86308968067169 9.980938863268324, -83.90461564064026 10.052117305131944, -83.9343774318695 9.967492765206455))",,Alajuela,Atenas,Atenas,20501,"en la radial de Atenas. De los Tribunales de Justicia, 1 km al este ",24469033,cacatenas@gmail.com,,https://www.facebook.com/cacatenas.feriadelagricultor/,,,,Central Occidental Oeste,feria,surface,true,true,true,true,true,true,true,true,true,false,true,false,,true,true,
aurora,Aurora de Alajuelita,,,,SRID=4326;POINT (-84.1201332392868 9.92074813079466),"SRID=4326;POLYGON ((-83.9343774318695 9.967492765206455, -84.09253120422363 9.9290005763965, -84.08341705799103 9.778496959885052, -83.90381097793579 9.69983539777535, -83.80019187927246 9.78447063109153, -83.69711458683015 9.914389794902185, -83.86083126068115 9.908265226548764, -83.86308968067169 9.980938863268324, -83.90461564064026 10.052117305131944, -83.9343774318695 9.967492765206455))",,San José,Alajuelita,San Felipe,11005,en la calle principal frente a la urbanización Garabito ,22825986,,,https://m.facebook.com/municipalidadalajuelita/?__tn__=C-R,,,,Central Central,feria,lane,true,false,false,true,false,false,true,true,false,false,true,true,,true,false,
barranca,Barranca,,,Fr 12:00-19:00; Sa 05:00-12:00,SRID=4326;POINT (-84.718868235229 9.98543258450293),"SRID=4326;POLYGON ((-83.9343774318695 9.967492765206455, -84.09253120422363 9.9290005763965, -84.08341705799103 9.778496959885052, -83.90381097793579 9.69983539777535, -83.80019187927246 9.78447063109153, -83.69711458683015 9.914389794902185, -83.86083126068115 9.908265226548764, -83.86308968067169 9.980938863268324, -83.90461564064026 10.052117305131944, -83.9343774318695 9.967492765206455))",,Puntarenas,Puntarenas,Barranca,60108,en las instalaciones del Consejo Nacional de Producción (CNP). Diagonal a Licorera Pipos,26500408,,,https://www.facebook.com/p/Centro-Agronegocios-Barranca-100063724594841/,,,,,feria,surface,true,true,true,true,true,true,true,true,true,true,true,true,,true,true,
sanmartindecoronado,Barrio San Martín de Coronado,,,,SRID=4326;POINT (-84.0139677328471 9.97374530142947),"SRID=4326;POLYGON ((-83.9343774318695 9.967492765206455, -84.09253120422363 9.9290005763965, -84.08341705799103 9.778496959885052, -83.90381097793579 9.69983539777535, -83.80019187927246 9.78447063109153, -83.69711458683015 9.914389794902185, -83.86083126068115 9.908265226548764, -83.86308968067169 9.980938863268324, -83.90461564064026 10.052117305131944, -83.9343774318695 9.967492765206455))",,San José,Vázquez de Coronado,San Isidro,11101,"barrio San Martín: de la clínica de Coronado, 150 m al norte ",22294023,,,https://www.facebook.com/feriacoronado/?locale=es_LA,,,,Central Oriental,feria,,,,,,,,,,,,,,,,,
barva,Barva,,,Sa 05:00-12:30,SRID=4326;POINT (-84.1285240018812 10.0188019537426),"SRID=4326;POLYGON ((-83.9343774318695 9.967492765206455, -84.09253120422363 9.9290005763965, -84.08341705799103 9.778496959885052, -83.90381097793579 9.69983539777535, -83.80019187927246 9.78447063109153, -83.69711458683015 9.914389794902185, -83.86083126068115 9.908265226548764, -83.86308968067169 9.980938863268324, -83.90461564064026 10.052117305131944, -83.9343774318695 9.967492765206455))",,Heredia,Barva,Barva,40201,contiguo a la plaza de deportes de San Bartolomé ,88077781,,,,https://www.facebook.com/CACBarva?locale=es_LA,,,,feria,lane,false,false,false,false,true,true,false,true,true,false,true,false,,true,false,
bijagua,Bijagua,,,Sa 08:00-17:00; Su 08:00-17:00,SRID=4326;POINT (-85.056791055683 10.7302359346925),"SRID=4326;POLYGON ((-83.9343774318695 9.967492765206455, -84.09253120422363 9.9290005763965, -84.08341705799103 9.778496959885052, -83.90381097793579 9.69983539777535, -83.80019187927246 9.78447063109153, -83.69711458683015 9.914389794902185, -83.86083126068115 9.908265226548764, -83.86308968067169 9.980938863268324, -83.90461564064026 10.052117305131944, -83.9343774318695 9.967492765206455))",,Alajuela,Upala,Bijagua,21304,"del Banco Nacional, 100 m al norte frente a la farmacia Margarita ",87431848,,,,,,Asociación entre Volcanes de productos comestibles y artesanales.,Huetar Norte,mercado,lane,false,false,false,false,false,false,false,true,false,false,true,false,,false,false,
buenosaires,Buenos Aires,,,Sa 05:00-14:00,SRID=4326;POINT (-83.3317039646372 9.17455309613615),"SRID=4326;POLYGON ((-83.9343774318695 9.967492765206455, -84.09253120422363 9.9290005763965, -84.08341705799103 9.778496959885052, -83.90381097793579 9.69983539777535, -83.80019187927246 9.78447063109153, -83.69711458683015 9.914389794902185, -83.86083126068115 9.908265226548764, -83.86308968067169 9.980938863268324, -83.90461564064026 10.052117305131944, -83.9343774318695 9.967492765206455))",,Puntarenas,Buenos Aires,Buenos Aires,60301,frente a la escuela de Buenos Aires ,83046164,cacba.ba@hotmail.com,,https://www.facebook.com/CACBUENOSAIRES/?locale=es_LA,,,Red Quercus,Brunca,feria,lane,false,true,false,false,false,false,true,false,true,false,true,false,,true,false,
canas,Cañas,,,,SRID=4326;POINT (-85.0932470490757 10.4308518095706),"SRID=4326;POLYGON ((-83.9343774318695 9.967492765206455, -84.09253120422363 9.9290005763965, -84.08341705799103 9.778496959885052, -83.90381097793579 9.69983539777535, -83.80019187927246 9.78447063109153, -83.69711458683015 9.914389794902185, -83.86083126068115 9.908265226548764, -83.86308968067169 9.980938863268324, -83.90461564064026 10.052117305131944, -83.9343774318695 9.967492765206455))",,Guanacaste,Cañas,Cañas,50601,,,,,,,,,,,,,,,,,,,,,,,,,,,
ciudadcolon,Ciudad Colón,,,Sa 05:00-14:00,SRID=4326;POINT (-84.2414218067976 9.91490346610088),"SRID=4326;POLYGON ((-83.9343774318695 9.967492765206455, -84.09253120422363 9.9290005763965, -84.08341705799103 9.778496959885052, -83.90381097793579 9.69983539777535, -83.80019187927246 9.78447063109153, -83.69711458683015 9.914389794902185, -83.86083126068115 9.908265226548764, -83.86308968067169 9.980938863268324, -83.90461564064026 10.052117305131944, -83.9343774318695 9.967492765206455))",,San José,Mora,Colón,10701,en el antiguo mercado de Ciudad Colón. Sobre el Bulevar Alcides Jiménez Rojas,24185712,,https://mora.go.cr/,,,,Centro Agrícola Cantonal de Mora,Central Central,feria,lane,false,true,true,true,true,true,true,true,true,true,true,false,,true,true,
ciudadneily,Ciudad Neily,,,Sa 06:00-16:00,SRID=4326;POINT (-82.9412294365968 8.64874177630325),"SRID=4326;POLYGON ((-83.9343774318695 9.967492765206455, -84.09253120422363 9.9290005763965, -84.08341705799103 9.778496959885052, -83.90381097793579 9.69983539777535, -83.80019187927246 9.78447063109153, -83.69711458683015 9.914389794902185, -83.86083126068115 9.908265226548764, -83.86308968067169 9.980938863268324, -83.90461564064026 10.052117305131944, -83.9343774318695 9.967492765206455))",,Puntarenas,Corredores,Corredor,61001,frente al mercado de Ciudad Neily,27835735,,,https://www.facebook.com/dprendas/,,,,Brunca,feria,lane,false,false,true,false,false,false,true,true,true,false,true,false,,true,true,
ciudadquesada,Ciudad Quesada,Feria del Agricultor y Artesanos de Ciudad Quesada ,,Th 08:00-8:00; Fr 7:00-13:00,SRID=4326;POINT (-84.4362547985586 10.3318745225115),"SRID=4326;POLYGON ((-83.9343774318695 9.967492765206455, -84.09253120422363 9.9290005763965, -84.08341705799103 9.778496959885052, -83.90381097793579 9.69983539777535, -83.80019187927246 9.78447063109153, -83.69711458683015 9.914389794902185, -83.86083126068115 9.908265226548764, -83.86308968067169 9.980938863268324, -83.90461564064026 10.052117305131944, -83.9343774318695 9.967492765206455))",,Alajuela,San Carlos,Quesada,21001,"de la plaza San Carlos, 200 m al oeste ",89471548,admavacafcq@gmail.com ,,https://www.facebook.com/people/Feria-del-Agricultor-Ciudad-Quesada-Corefa-RHN/100027716936131/,,,,Huetar Norte,mercado,surface,true,true,true,true,true,true,true,true,true,true,true,true,,true,false,
cobano,Cóbano,,,Fr 06:30-14:00,SRID=4326;POINT (-85.1065589753519 9.68822530252069),"SRID=4326;POLYGON ((-83.9343774318695 9.967492765206455, -84.09253120422363 9.9290005763965, -84.08341705799103 9.778496959885052, -83.90381097793579 9.69983539777535, -83.80019187927246 9.78447063109153, -83.69711458683015 9.914389794902185, -83.86083126068115 9.908265226548764, -83.86308968067169 9.980938863268324, -83.90461564064026 10.052117305131944, -83.9343774318695 9.967492765206455))",,Puntarenas,Puntarenas,Cóbano,60111,en el parqueo de la Municipalidad de Cóbano,84447687,,,https://www.facebook.com/107858776078602/posts/478228182374991/,,,Aproinfe,Pacífico Central,mercado,lane,false,true,true,false,false,false,false,true,true,false,true,false,,true,true,
coronado,Coronado,,,Su 07:00-17:00,SRID=4326;POINT (-84.0079179729213 9.97848345687974),"SRID=4326;POLYGON ((-83.9343774318695 9.967492765206455, -84.09253120422363 9.9290005763965, -84.08341705799103 9.778496959885052, -83.90381097793579 9.69983539777535, -83.80019187927246 9.78447063109153, -83.69711458683015 9.914389794902185, -83.86083126068115 9.908265226548764, -83.86308968067169 9.980938863268324, -83.90461564064026 10.052117305131944, -83.9343774318695 9.967492765206455))",L,San José,Vázquez de Coronado,San Isidro,11101,"de Correos de Costa Rica, 50 m al oeste ",22294023,,,,https://www.facebook.com/feriacoronado?mibextid=ZbWKwL,,,,feria,surface,false,true,true,true,true,true,true,true,true,true,true,true,,true,true,
cuatroreinas,Cuatro Reinas de Tibás,,,Su 06:00-12:00,SRID=4326;POINT (-84 9.9),"SRID=4326;POLYGON ((-83.9343774318695 9.967492765206455, -84.09253120422363 9.9290005763965, -84.08341705799103 9.778496959885052, -83.90381097793579 9.69983539777535, -83.80019187927246 9.78447063109153, -83.69711458683015 9.914389794902185, -83.86083126068115 9.908265226548764, -83.86308968067169 9.980938863268324, -83.90461564064026 10.052117305131944, -83.9343774318695 9.967492765206455))",,San José,Tibás,Leon XIII,11304,detrás de la antigua Cruz Roja de Cuatro Reinas,,,,,,,,,,street_side,false,true,true,false,false,false,true,false,false,false,true,false,,false,false,
curridabat,Curridabat,,,Sa 05:00-14:00,SRID=4326;POINT (-84.0435626566835 9.91394119712975),"SRID=4326;POLYGON ((-84.04247330501674 9.914632563280689, -84.04239246156067 9.9146277950233, -84.04246377060188 9.91362410626312, -84.04252824839202 9.913637502836611, -84.0425200969912 9.913726882118745, -84.04283362207933 9.913747565265545, -84.04282989213243 9.91387527644352, -84.04252307256681 9.91385711161115, -84.04247330501674 9.914632563280689))",S,San José,Curridabat,Curridabat,11801,al costado sureste del estadio,22729089,,https://www.curridabat.go.cr/inicio/servicios/feria-del-agricultor/,,,,Municipalidad Curridabat,Central Oriental,mercado,lane,false,false,false,false,true,false,false,true,true,false,true,true,,true,true,
desamparados,Desamparados,Feria de la Villa Olímpica,,Sa 05:00-14:00,SRID=4326;POINT (-84.0509264100389 9.88864048392755),"SRID=4326;POLYGON ((-83.9343774318695 9.967492765206455, -84.09253120422363 9.9290005763965, -84.08341705799103 9.778496959885052, -83.90381097793579 9.69983539777535, -83.80019187927246 9.78447063109153, -83.69711458683015 9.914389794902185, -83.86083126068115 9.908265226548764, -83.86308968067169 9.980938863268324, -83.90461564064026 10.052117305131944, -83.9343774318695 9.967492765206455))",XL,San José,Desamparados,Desamparados,10301,en la Villa Olímpica de Dos Cercas  ,25440014,,,https://www.facebook.com/pages/Feria-Del-Agricultor-Desamparados/240767100129908,,,,,feria,surface,false,true,true,true,true,true,true,true,true,true,true,true,,true,false,
elmolino,El Molino,,,Sa 05:00-12:30,SRID=4326;POINT (-83.9272722910491 9.86459462707843),"SRID=4326;POLYGON ((-83.9343774318695 9.967492765206455, -84.09253120422363 9.9290005763965, -84.08341705799103 9.778496959885052, -83.90381097793579 9.69983539777535, -83.80019187927246 9.78447063109153, -83.69711458683015 9.914389794902185, -83.86083126068115 9.908265226548764, -83.86308968067169 9.980938863268324, -83.90461564064026 10.052117305131944, -83.9343774318695 9.967492765206455))",,Cartago,Cartago,Occidental,30102,"de la iglesia María Auxiliadora de Cartago, 200 m al sur",25367322,,,https://www.facebook.com/people/Feria-del-Agricultor-del-Molino/100057653520957/,,,,Central Oriental,feria,lane,false,false,true,false,false,false,true,true,true,false,true,true,,true,false,
escazu,Escazú,,,Sa 05:00-12:00,SRID=4326;POINT (-84.1399582999591 9.91948050267515),"SRID=4326;POLYGON ((-83.9343774318695 9.967492765206455, -84.09253120422363 9.9290005763965, -84.08341705799103 9.778496959885052, -83.90381097793579 9.69983539777535, -83.80019187927246 9.78447063109153, -83.69711458683015 9.914389794902185, -83.86083126068115 9.908265226548764, -83.86308968067169 9.980938863268324, -83.90461564064026 10.052117305131944, -83.9343774318695 9.967492765206455))",L,San José,Escazú,Escazú,10201,al costado sur de la Iglesia católica San Miguel Arcángel ,22883957,,,,https://www.instagram.com/feriasdelagricultorescazu/?hl=en,,,,feria,lane,false,false,false,false,true,true,true,true,true,false,true,false,,true,true,
esparza,Esparza,,,Fr 08:00-20:00; Sa 06:00-13:00,SRID=4326;POINT (-84.6561068392184 9.9992585512615),"SRID=4326;POLYGON ((-83.9343774318695 9.967492765206455, -84.09253120422363 9.9290005763965, -84.08341705799103 9.778496959885052, -83.90381097793579 9.69983539777535, -83.80019187927246 9.78447063109153, -83.69711458683015 9.914389794902185, -83.86083126068115 9.908265226548764, -83.86308968067169 9.980938863268324, -83.90461564064026 10.052117305131944, -83.9343774318695 9.967492765206455))",,Puntarenas,Esparza,Espíritu Santo,60201,barrio Las Tres Marías: frente a antigua delegación de policía ,26355066,cace@ice.co.cr,,https://www.facebook.com/CentroAgricolaDeEsparza,,,,Pacífico Central,feria,street_side,true,true,true,true,true,true,true,true,true,true,false,true,,true,true,
filadelfia,Filadelfia,,,Sa 08:00-17:00,SRID=4326;POINT (-85.5519397150501 10.4455992782638),"SRID=4326;POLYGON ((-83.9343774318695 9.967492765206455, -84.09253120422363 9.9290005763965, -84.08341705799103 9.778496959885052, -83.90381097793579 9.69983539777535, -83.80019187927246 9.78447063109153, -83.69711458683015 9.914389794902185, -83.86083126068115 9.908265226548764, -83.86308968067169 9.980938863268324, -83.90461564064026 10.052117305131944, -83.9343774318695 9.967492765206455))",,Guanacaste,Carrillo,Filadelfia,50501,frente a la Cruz Roja. Al costado sur de Gollo ,,,,,,,Municipalidad de Carrillo ,,mercado,lane,true,true,false,true,false,false,true,true,true,false,false,false,,true,false,
grecia,Grecia,,,Fr 08:00-20:00; Sa 06:00-13:00,SRID=4326;POINT (-84.3066514752 10.0803283795137),"SRID=4326;POLYGON ((-83.9343774318695 9.967492765206455, -84.09253120422363 9.9290005763965, -84.08341705799103 9.778496959885052, -83.90381097793579 9.69983539777535, -83.80019187927246 9.78447063109153, -83.69711458683015 9.914389794902185, -83.86083126068115 9.908265226548764, -83.86308968067169 9.980938863268324, -83.90461564064026 10.052117305131944, -83.9343774318695 9.967492765206455))",XL,Alajuela,Grecia,Grecia,20301,"del Banco Nacional, 100 m al oeste y 500 m al norte",24947360,centroagricola.grecia@gmail.com,,https://www.facebook.com/laferiadelagricultor/?locale=es_LA,,,,Central Occidental Oeste,feria,surface,false,true,true,true,true,true,true,true,true,true,true,true,,true,false,
guachipelin,Guachipelín de Escazú,,,Su 05:00-13:00,SRID=4326;POINT (-84.1593069035947 9.94424167345582),"SRID=4326;POLYGON ((-83.9343774318695 9.967492765206455, -84.09253120422363 9.9290005763965, -84.08341705799103 9.778496959885052, -83.90381097793579 9.69983539777535, -83.80019187927246 9.78447063109153, -83.69711458683015 9.914389794902185, -83.86083126068115 9.908265226548764, -83.86308968067169 9.980938863268324, -83.90461564064026 10.052117305131944, -83.9343774318695 9.967492765206455))",S,San José,Escazú,San Rafael,10203,en el gimnasio de la escuela de Guachipelín,22883957,,,https://www.facebook.com/people/Feria-Agricultor-Guachipel%C3%ADn-Escaz%C3%BA/100057072895377/,,,,Central Central,feria,street_side,false,false,true,true,true,true,true,true,true,true,true,false,,true,true,
guadalupe,Guadalupe,,,Fr 16:00-19:00; Sa 05:00-14:00,SRID=4326;POINT (-84.0558002186302 9.94801942919447),"SRID=4326;POLYGON ((-84.05615321011281 9.948252738236983, -84.05602103797717 9.947999489191197, -84.05559324659406 9.948215793196898, -84.05574364936912 9.948479733425104, -84.05565573368222 9.94852565669139, -84.05549977789634 9.948265132368212, -84.05553299118765 9.94824560722538, -84.05523243709467 9.947728623949262, -84.05578353675084 9.947404353160822, -84.05622705467978 9.948210158561922, -84.05615321011281 9.948252738236983))",XL,San José,Goicoechea,Guadalupe,10801,barrio Moreno Cañas: Frente al Instituto de Enseñanza General Básica América Central (Escuela América Central) ,88888888,alcaldia@munigoicoechea.go.cr,,https://www.facebook.com/munigoicooficial,,,,Central Central,mercado,lane,false,false,true,true,true,true,true,true,true,true,true,false,,true,true,
guapiles,Guápiles,,,Sa 05:00-13:00,SRID=4326;POINT (-83.7901288591029 10.2153343864319),"SRID=4326;POLYGON ((-83.9343774318695 9.967492765206455, -84.09253120422363 9.9290005763965, -84.08341705799103 9.778496959885052, -83.90381097793579 9.69983539777535, -83.80019187927246 9.78447063109153, -83.69711458683015 9.914389794902185, -83.86083126068115 9.908265226548764, -83.86308968067169 9.980938863268324, -83.90461564064026 10.052117305131944, -83.9343774318695 9.967492765206455))",,Limón,Pococí,Guápiles,70201,al costado norte de MUCAP,27633039,,,https://www.facebook.com/people/Feria-del-Agricultor-Guapiles/100054337069796/,,,,Atlántico,feria,lane,false,false,false,false,true,false,true,true,true,true,true,true,,true,true,
hatillo,Hatillo,,,Sa 06:00-14:00; Su 05:00-14:00,SRID=4326;POINT (-84.1033432422827 9.91890478210958),"SRID=4326;POLYGON ((-83.9343774318695 9.967492765206455, -84.09253120422363 9.9290005763965, -84.08341705799103 9.778496959885052, -83.90381097793579 9.69983539777535, -83.80019187927246 9.78447063109153, -83.69711458683015 9.914389794902185, -83.86083126068115 9.908265226548764, -83.86308968067169 9.980938863268324, -83.90461564064026 10.052117305131944, -83.9343774318695 9.967492765206455))",XL,San José,San José,Hatillo,10110,frente al Ebais de Hatillo 2 y 3,22825986,,,https://www.facebook.com/juntanacionaldeferiasdelagricultor/?locale=es_LA,,,,Central Central,feria,lane,false,false,false,false,false,false,true,true,true,true,true,true,,true,true,
heredia,Heredia,Feria de La Perla,,Fr 10:00-19:00; Sa 06:00-14:00,SRID=4326;POINT (-84.1256062268032 10.0061858815201),"SRID=4326;POLYGON ((-83.9343774318695 9.967492765206455, -84.09253120422363 9.9290005763965, -84.08341705799103 9.778496959885052, -83.90381097793579 9.69983539777535, -83.80019187927246 9.78447063109153, -83.69711458683015 9.914389794902185, -83.86083126068115 9.908265226548764, -83.86308968067169 9.980938863268324, -83.90461564064026 10.052117305131944, -83.9343774318695 9.967492765206455))",XL,Heredia,Heredia,Mercedes,40102,barrio Mercedes Norte: en el campo ferial La Perla,40335669,fgarita@heredia.go.cr,,https://www.facebook.com/laperlacampoferial/?locale=es_LA,,,,,mercado,surface,false,true,true,true,true,true,true,true,true,true,true,true,,true,false,
jaco,Jacó,,,Fr 05:00-14:00,SRID=4326;POINT (-84.6230747016045 9.60845064366271),"SRID=4326;POLYGON ((-83.9343774318695 9.967492765206455, -84.09253120422363 9.9290005763965, -84.08341705799103 9.778496959885052, -83.90381097793579 9.69983539777535, -83.80019187927246 9.78447063109153, -83.69711458683015 9.914389794902185, -83.86083126068115 9.908265226548764, -83.86308968067169 9.980938863268324, -83.90461564064026 10.052117305131944, -83.9343774318695 9.967492765206455))",,Puntarenas,Garabito,Jacó,61101,al costado oeste de la clínica de Jacó centro ,24289836,,,,,,Centro Agrícola Cantonal Orotina,Pacífico Central,feria,lane,false,true,true,false,false,false,true,true,true,false,true,false,,true,true,
jicaral,Jicaral,,,,SRID=4326;POINT (-85.1138037229245 9.96100053589772),"SRID=4326;POLYGON ((-83.9343774318695 9.967492765206455, -84.09253120422363 9.9290005763965, -84.08341705799103 9.778496959885052, -83.90381097793579 9.69983539777535, -83.80019187927246 9.78447063109153, -83.69711458683015 9.914389794902185, -83.86083126068115 9.908265226548764, -83.86308968067169 9.980938863268324, -83.90461564064026 10.052117305131944, -83.9343774318695 9.967492765206455))",,Puntarenas,Puntarenas,Lepanto,60104,en la plazoleta del parque de Jicaral,26500408,,,https://www.facebook.com/people/Feria-del-Agricultor-Jicaral/100080223071638/,,,,Pacífico Central,feria,lane,true,true,true,true,true,true,true,true,false,true,true,true,,true,true,
capri,La Capri de San Miguel,,,Su 07:00-13:00,SRID=4326;POINT (-84.0609734063933 9.86591137717061),"SRID=4326;POLYGON ((-83.9343774318695 9.967492765206455, -84.09253120422363 9.9290005763965, -84.08341705799103 9.778496959885052, -83.90381097793579 9.69983539777535, -83.80019187927246 9.78447063109153, -83.69711458683015 9.914389794902185, -83.86083126068115 9.908265226548764, -83.86308968067169 9.980938863268324, -83.90461564064026 10.052117305131944, -83.9343774318695 9.967492765206455))",,San José,Desamparados,San Miguel,10302,al costado oeste de la plaza de deportes La Capri,25440014,,,https://www.facebook.com/Feria-del-agricultor-la-Capri-104285888282563/,,,Centro Agrícola Cantonal Desamparados,Central Oriental,feria,street_side,true,false,false,true,true,true,true,true,true,true,true,true,,true,false,
lafortuna,La Fortuna,,,Fr 09:00-17:30,SRID=4326;POINT (-84.6455839337295 10.4695512947623),"SRID=4326;POLYGON ((-83.9343774318695 9.967492765206455, -84.09253120422363 9.9290005763965, -84.08341705799103 9.778496959885052, -83.90381097793579 9.69983539777535, -83.80019187927246 9.78447063109153, -83.69711458683015 9.914389794902185, -83.86083126068115 9.908265226548764, -83.86308968067169 9.980938863268324, -83.90461564064026 10.052117305131944, -83.9343774318695 9.967492765206455))",,Alajuela,San Carlos,La Fortuna,21007,en el salón comunal de La Fortuna,88356266,,,https://m.facebook.com/p/Feria-del-Agricultor-en-la-Fortuna-San-Carlos-100063299376309/,,,,Huetar Norte,mercado,surface,false,true,true,true,true,true,true,true,true,false,true,true,,true,false,
liberia,Liberia,,,Th 07:00-21:00; Sa 07:00-21:00,SRID=4326;POINT (-85.4458519782092 10.6341339487666),"SRID=4326;POLYGON ((-83.9343774318695 9.967492765206455, -84.09253120422363 9.9290005763965, -84.08341705799103 9.778496959885052, -83.90381097793579 9.69983539777535, -83.80019187927246 9.78447063109153, -83.69711458683015 9.914389794902185, -83.86083126068115 9.908265226548764, -83.86308968067169 9.980938863268324, -83.90461564064026 10.052117305131944, -83.9343774318695 9.967492765206455))",,Guanacaste,Liberia,Liberia,50101,en el campo ferial de Liberia,86655856,silviabm0201@gmail.com,,https://www.facebook.com/people/Feria-del-Agricultor-de-Liberia/100063481814891/,,,,Chorotega,feria,surface,false,true,false,false,false,false,true,true,true,true,true,true,,true,true,
limon,Limón,,,Fr 05:00-20:00; Sa 06:00-13:00,SRID=4326;POINT (-83.0410194328515 9.98675420559424),"SRID=4326;POLYGON ((-83.9343774318695 9.967492765206455, -84.09253120422363 9.9290005763965, -84.08341705799103 9.778496959885052, -83.90381097793579 9.69983539777535, -83.80019187927246 9.78447063109153, -83.69711458683015 9.914389794902185, -83.86083126068115 9.908265226548764, -83.86308968067169 9.980938863268324, -83.90461564064026 10.052117305131944, -83.9343774318695 9.967492765206455))",,Limón,Limón,Limón,70101,frente al cementerio del barrio San Juan ,27982586,centagrilimon@gmail.com,,https://es-la.facebook.com/people/Feria-del-Agricultor-de-Limon/100060582653234/,,,,Atlántico,feria,surface,false,true,true,true,true,true,true,false,false,true,true,false,,true,true,
santaluciadeparaiso,Llanos de Santa Lucía de Paraíso,,,Sa 05:00-12:00,SRID=4326;POINT (-83.8812259503452 9.83802174619698),"SRID=4326;POLYGON ((-83.9343774318695 9.967492765206455, -84.09253120422363 9.9290005763965, -84.08341705799103 9.778496959885052, -83.90381097793579 9.69983539777535, -83.80019187927246 9.78447063109153, -83.69711458683015 9.914389794902185, -83.86083126068115 9.908265226548764, -83.86308968067169 9.980938863268324, -83.90461564064026 10.052117305131944, -83.9343774318695 9.967492765206455))",,Cartago,Paraíso,Llanos de Santa Lucía,30205,al costado oeste de la iglesia de Santa Lucía,25747364,,,,,,Centro Agrícola Cantonal Paraíso,Central Oriental,feria,lane,false,false,true,false,true,true,true,false,false,false,false,false,,false,false,
lomasdelrio,Lomas del Río de Pavas,,,,SRID=4326;POINT (-84.1623802915085 9.95927639352261),"SRID=4326;POLYGON ((-83.9343774318695 9.967492765206455, -84.09253120422363 9.9290005763965, -84.08341705799103 9.778496959885052, -83.90381097793579 9.69983539777535, -83.80019187927246 9.78447063109153, -83.69711458683015 9.914389794902185, -83.86083126068115 9.908265226548764, -83.86308968067169 9.980938863268324, -83.90461564064026 10.052117305131944, -83.9343774318695 9.967492765206455))",,San José,San José,Pavas,10109,al costado sur de la escuela de Lomas,22130355,,,,,,Asociación de Productores de Rincón Grande de Pavas.,Central Central,mercado,,,,,,,,,,,,,,,,,
lotosdedesamparados,Lotos de Desamparados,,,,SRID=4326;POINT (-84.0737488479769 9.90524084333251),"SRID=4326;POLYGON ((-83.9343774318695 9.967492765206455, -84.09253120422363 9.9290005763965, -84.08341705799103 9.778496959885052, -83.90381097793579 9.69983539777535, -83.80019187927246 9.78447063109153, -83.69711458683015 9.914389794902185, -83.86083126068115 9.908265226548764, -83.86308968067169 9.980938863268324, -83.90461564064026 10.052117305131944, -83.9343774318695 9.967492765206455))",,San José,Desamparados,Desamparados,10301,en la cancha multiusos ,25533185,,,,,,Afaveco,Central Oriental,mercado,,,,,,,,,,,,,,,,,
matadeplatano,Mata de Plátano,,,Fr 12:00-21:00; Sa 06:00-12:00,SRID=4326;POINT (-84.0176303239954 9.95287684764281),"SRID=4326;POLYGON ((-83.9343774318695 9.967492765206455, -84.09253120422363 9.9290005763965, -84.08341705799103 9.778496959885052, -83.90381097793579 9.69983539777535, -83.80019187927246 9.78447063109153, -83.69711458683015 9.914389794902185, -83.86083126068115 9.908265226548764, -83.86308968067169 9.980938863268324, -83.90461564064026 10.052117305131944, -83.9343774318695 9.967492765206455))",,San José,Goicoechea,Mata de Plátano,10804,"de la iglesia Nuestra Señora del Carmen, 100 m al oeste ",88370660,,,https://www.facebook.com/people/Feria-Mata-de-Pl%C3%A1tano/100063456976035/,,,,,,surface,false,true,true,true,true,true,true,true,true,true,true,false,,true,true,
miramar,Miramar,,,Fr 09:00-18:00,SRID=4326;POINT (-84.7297812099701 10.0908515333906),"SRID=4326;POLYGON ((-83.9343774318695 9.967492765206455, -84.09253120422363 9.9290005763965, -84.08341705799103 9.778496959885052, -83.90381097793579 9.69983539777535, -83.80019187927246 9.78447063109153, -83.69711458683015 9.914389794902185, -83.86083126068115 9.908265226548764, -83.86308968067169 9.980938863268324, -83.90461564064026 10.052117305131944, -83.9343774318695 9.967492765206455))",,Puntarenas,Montes de Oro,Miramar,60401,en el parqueo del mercado municipal,87505776,,,https://www.facebook.com/miraysaborea/,,,,Pacífico Central,mercado,lane,false,false,true,true,true,true,true,true,true,false,true,false,,true,true,
monteclaro,Monte Claro de Desamparados,,,,SRID=4326;POINT (-84.0712653767403 9.89565485446845),"SRID=4326;POLYGON ((-83.9343774318695 9.967492765206455, -84.09253120422363 9.9290005763965, -84.08341705799103 9.778496959885052, -83.90381097793579 9.69983539777535, -83.80019187927246 9.78447063109153, -83.69711458683015 9.914389794902185, -83.86083126068115 9.908265226548764, -83.86308968067169 9.980938863268324, -83.90461564064026 10.052117305131944, -83.9343774318695 9.967492765206455))",,San José,Desamparados,Desamparados,10301,al costado sur de la plaza de deportes,88888888,,,,,,,Central Central,,,,,,,,,,,,,,,,,,
monteverde,Monteverde,,,Fr 10:00-17:00,SRID=4326;POINT (-84.8219771503541 10.3152978598481),"SRID=4326;POLYGON ((-83.9343774318695 9.967492765206455, -84.09253120422363 9.9290005763965, -84.08341705799103 9.778496959885052, -83.90381097793579 9.69983539777535, -83.80019187927246 9.78447063109153, -83.69711458683015 9.914389794902185, -83.86083126068115 9.908265226548764, -83.86308968067169 9.980938863268324, -83.90461564064026 10.052117305131944, -83.9343774318695 9.967492765206455))",,Puntarenas,Puntarenas,Monteverde,61201,en el salón multiuso del mall de Monteverde ,84229986,,,,,,Asociación agro cultural de Monteverde,Pacífico Central,mercado,surface,false,false,true,false,true,false,true,true,true,false,true,false,,false,false,
naranjo,Naranjo,,,,SRID=4326;POINT (-84.3824974259667 10.1029908297978),"SRID=4326;POLYGON ((-83.9343774318695 9.967492765206455, -84.09253120422363 9.9290005763965, -84.08341705799103 9.778496959885052, -83.90381097793579 9.69983539777535, -83.80019187927246 9.78447063109153, -83.69711458683015 9.914389794902185, -83.86083126068115 9.908265226548764, -83.86308968067169 9.980938863268324, -83.90461564064026 10.052117305131944, -83.9343774318695 9.967492765206455))",M,Alajuela,Naranjo,Naranjo,20601,"del colegio de Naranjo, 100 m al sureste ",24505732,,,,,,Centro Agrícola Cantonal de Naranjo,Central Occidental Oeste,feria,surface,false,true,true,true,true,true,true,true,true,true,true,true,,true,false,
nicoya,Nicoya,,,Fr 05:00-16:00,SRID=4326;POINT (-85.4510179353858 10.1412889815652),"SRID=4326;POLYGON ((-83.9343774318695 9.967492765206455, -84.09253120422363 9.9290005763965, -84.08341705799103 9.778496959885052, -83.90381097793579 9.69983539777535, -83.80019187927246 9.78447063109153, -83.69711458683015 9.914389794902185, -83.86083126068115 9.908265226548764, -83.86308968067169 9.980938863268324, -83.90461564064026 10.052117305131944, -83.9343774318695 9.967492765206455))",,Guanacaste,Nicoya,Nicoya,50201,frente a mercado municipal de Nicoya,83373468,cacnicoya.info@gmail.com,,https://es-la.facebook.com/CentroAgricolaCantonalNicoya/,,,,Chorotega,feria,lane,false,true,true,true,true,true,true,true,true,true,true,true,,true,false,
oreamuno,Oreamuno,Feria Churuca ,,Sa 06:00-13:00,SRID=4326;POINT (-83.903215326217 9.87368669523526),"SRID=4326;POLYGON ((-83.9343774318695 9.967492765206455, -84.09253120422363 9.9290005763965, -84.08341705799103 9.778496959885052, -83.90381097793579 9.69983539777535, -83.80019187927246 9.78447063109153, -83.69711458683015 9.914389794902185, -83.86083126068115 9.908265226548764, -83.86308968067169 9.980938863268324, -83.90461564064026 10.052117305131944, -83.9343774318695 9.967492765206455))",,Cartago,Oreamuno,San Rafael,30701,"de la iglesia San Rafael Arcángel, 500 m al norte ",25533185,,,https://www.facebook.com/oreamuno.go.cr,,,,,mercado,surface,false,true,false,false,false,false,true,true,true,false,true,true,,true,true,
orotina,Orotina,,,Fr 05:00-12:00,SRID=4326;POINT (-84.5253182309994 9.91352379714826),"SRID=4326;POLYGON ((-83.9343774318695 9.967492765206455, -84.09253120422363 9.9290005763965, -84.08341705799103 9.778496959885052, -83.90381097793579 9.69983539777535, -83.80019187927246 9.78447063109153, -83.69711458683015 9.914389794902185, -83.86083126068115 9.908265226548764, -83.86308968067169 9.980938863268324, -83.90461564064026 10.052117305131944, -83.9343774318695 9.967492765206455))",,Alajuela,Orotina,Orotina,20901,al frente de las instalaciones del Ministerio de Agricultura y Ganadería (MAG) ,24289836,cacorotina@gmail.com,,https://www.facebook.com/people/Feria-del-Agricultor-de-Orotina/100057280696722/,,,,Pacífico Central,feria,lane,false,true,true,true,true,true,true,true,true,true,true,true,,true,true,
palmares,Palmares,,,Fr 11:00-20:00; Sa 06:00-12:00,SRID=4326;POINT (-84.4279360389336 10.0557090611347),"SRID=4326;POLYGON ((-83.9343774318695 9.967492765206455, -84.09253120422363 9.9290005763965, -84.08341705799103 9.778496959885052, -83.90381097793579 9.69983539777535, -83.80019187927246 9.78447063109153, -83.69711458683015 9.914389794902185, -83.86083126068115 9.908265226548764, -83.86308968067169 9.980938863268324, -83.90461564064026 10.052117305131944, -83.9343774318695 9.967492765206455))",L,Alajuela,Palmares,Palmares,20701,"de la esquina del estadio Palmareño Solís, 250 m al suroeste ",24530190,cacpalmares@gmail.com,,https://www.facebook.com/people/Feria-Del-Agricultor-Palmares/100063597275873/,,,,Central Occidental Oeste,feria,surface,true,true,true,true,true,true,true,true,true,true,true,false,,true,false,
paraiso,Paraíso,,,Sa 06:00-14:00,SRID=4326;POINT (-83.8653006917977 9.83820778059306),"SRID=4326;POLYGON ((-83.9343774318695 9.967492765206455, -84.09253120422363 9.9290005763965, -84.08341705799103 9.778496959885052, -83.90381097793579 9.69983539777535, -83.80019187927246 9.78447063109153, -83.69711458683015 9.914389794902185, -83.86083126068115 9.908265226548764, -83.86308968067169 9.980938863268324, -83.90461564064026 10.052117305131944, -83.9343774318695 9.967492765206455))",,Cartago,Paraíso,Paraíso,30201,al costado sur de la iglesia Nuestra Señora de la Limpia Concepción del Rescate de Ujarrás ,25747364,,,https://www.facebook.com/feriasdelagricultorparaiso.paraiso/?locale=es_LA,,,,Central Oriental,feria,lane,false,false,true,false,true,true,true,true,true,false,true,false,,true,true,
pavas,Pavas,,,Sa 05:00-14:00,SRID=4326;POINT (-84.1310283276256 9.94277954407779),"SRID=4326;POLYGON ((-83.9343774318695 9.967492765206455, -84.09253120422363 9.9290005763965, -84.08341705799103 9.778496959885052, -83.90381097793579 9.69983539777535, -83.80019187927246 9.78447063109153, -83.69711458683015 9.914389794902185, -83.86083126068115 9.908265226548764, -83.86308968067169 9.980938863268324, -83.90461564064026 10.052117305131944, -83.9343774318695 9.967492765206455))",,San José,San José,Pavas,10109,frente a la escuela Carlos Sanabria ,22322532,,,,,,Asociación de Productores de la Feria de Pavas,Central Central,mercado,lane,false,false,false,false,false,false,true,true,false,false,true,false,,true,true,
perezzeledon,Pérez Zeledón,Productor Generaleño,,We 12:00-20:00; Th 05:00-20:00; Fr 06:00-13:00,SRID=4326;POINT (-83.6987471637022 9.37188191050817),"SRID=4326;POLYGON ((-83.9343774318695 9.967492765206455, -84.09253120422363 9.9290005763965, -84.08341705799103 9.778496959885052, -83.90381097793579 9.69983539777535, -83.80019187927246 9.78447063109153, -83.69711458683015 9.914389794902185, -83.86083126068115 9.908265226548764, -83.86308968067169 9.980938863268324, -83.90461564064026 10.052117305131944, -83.9343774318695 9.967492765206455))",,San José,Perez Zeledón,San Isidro de El General,11901,frente a la Casa de la Juventud de San Isidro de Pérez Zeledón ,88222063,feriadelproductorgeneralenojd@gmail.com,,https://www.facebook.com/FeriaDelProductorPZ/?locale=es_LA,,,,Brunca,mercado,surface,true,true,true,true,true,true,true,true,true,true,true,true,,true,true,
plazagonzalezviquez,Plaza González Víquez,Plaza Víquez,,Sa 05:00-14:00,SRID=4326;POINT (-84.0754863835101 9.92395013019413),"SRID=4326;POLYGON ((-83.9343774318695 9.967492765206455, -84.09253120422363 9.9290005763965, -84.08341705799103 9.778496959885052, -83.90381097793579 9.69983539777535, -83.80019187927246 9.78447063109153, -83.69711458683015 9.914389794902185, -83.86083126068115 9.908265226548764, -83.86308968067169 9.980938863268324, -83.90461564064026 10.052117305131944, -83.9343774318695 9.967492765206455))",XL,San José,San José,Catedral,10104,"en la plaza González Víquez, al lado de las oficinas centrales del Ministerio de Obras Públicas y Transportes (MOPT) ",25738465,centroagricola.elguarco@gmail.com,,https://www.facebook.com/feriatejar/,,,,Central Oriental,feria,lane,true,false,false,true,true,true,true,true,true,true,true,true,,true,true,
poasdealajuela,Poás de Alajuela,,,Sa 05:00-14:00,SRID=4326;POINT (-84.2456724624652 10.0761816335775),"SRID=4326;POLYGON ((-83.9343774318695 9.967492765206455, -84.09253120422363 9.9290005763965, -84.08341705799103 9.778496959885052, -83.90381097793579 9.69983539777535, -83.80019187927246 9.78447063109153, -83.69711458683015 9.914389794902185, -83.86083126068115 9.908265226548764, -83.86308968067169 9.980938863268324, -83.90461564064026 10.052117305131944, -83.9343774318695 9.967492765206455))",,Alajuela,Poás,San Pedro,20801,al costado oeste del parque ,24480416,jariasr@cfia.or.cr,,https://cacpoas.org/feria_inicio,,,Centro Agrícola Cantonal Poas,Central Occidental Oeste,feria,lane,false,false,true,false,false,false,true,true,true,true,true,false,,false,true,
puertoviejodesarapiqui,Puerto Viejo de Sarapiquí,,,,SRID=4326;POINT (-84.0075460898069 10.4545290836818),"SRID=4326;POLYGON ((-83.9343774318695 9.967492765206455, -84.09253120422363 9.9290005763965, -84.08341705799103 9.778496959885052, -83.90381097793579 9.69983539777535, -83.80019187927246 9.78447063109153, -83.69711458683015 9.914389794902185, -83.86083126068115 9.908265226548764, -83.86308968067169 9.980938863268324, -83.90461564064026 10.052117305131944, -83.9343774318695 9.967492765206455))",,Heredia,Sarapiquí,Puerto Viejo,41001,al costado este de la iglesia San Agustín ,27665808,centroagricolasarapiquicacsa@gmail.com,,https://www.facebook.com/centroagricolasarapiqui/?locale=es_LA,,,,Atlántico,feria,street_side,false,false,true,false,false,false,true,false,true,false,false,false,,true,true,
puertoviejo,Puerto Viejo de Talamanca,Feria Agrícola y Artesanal de Puerto Viejo,,Sa 06:00-12:00,SRID=4326;POINT (-82.754338253373 9.65697398096369),"SRID=4326;POLYGON ((-83.9343774318695 9.967492765206455, -84.09253120422363 9.9290005763965, -84.08341705799103 9.778496959885052, -83.90381097793579 9.69983539777535, -83.80019187927246 9.78447063109153, -83.69711458683015 9.914389794902185, -83.86083126068115 9.908265226548764, -83.86308968067169 9.980938863268324, -83.90461564064026 10.052117305131944, -83.9343774318695 9.967492765206455))",S,Limón,Talamanca,Bratsi,70401,detrás de la Casa de la Cultura,27500883,feriadepuertoviejo@gmail.com,,https://www.facebook.com/FeriaPuertoViejo/,,,,,mercado,lane,,,true,,,,true,true,,,true,,,,,
puriscal,Puriscal,,,Fr 15:00-20:00; Sa 05:00-12:00,SRID=4326;POINT (-84.3123747882537 9.84827642283176),"SRID=4326;POLYGON ((-83.9343774318695 9.967492765206455, -84.09253120422363 9.9290005763965, -84.08341705799103 9.778496959885052, -83.90381097793579 9.69983539777535, -83.80019187927246 9.78447063109153, -83.69711458683015 9.914389794902185, -83.86083126068115 9.908265226548764, -83.86308968067169 9.980938863268324, -83.90461564064026 10.052117305131944, -83.9343774318695 9.967492765206455))",,San José,Puriscal,Santiago,10401,en la parte trasera del gimnasio del Liceo de Puriscal ,,centroagripuriscal@hotmail.com,,https://www.facebook.com/FeriadelProductorPuriscal,,,,,feria,lane,false,true,true,true,true,true,true,true,true,true,true,true,,true,false,
quepos,Quepos,,,Fr 14:00-21:00; Sa 07:00-13:00,SRID=4326;POINT (-84.1653848096843 9.42964258639517),"SRID=4326;POLYGON ((-83.9343774318695 9.967492765206455, -84.09253120422363 9.9290005763965, -84.08341705799103 9.778496959885052, -83.90381097793579 9.69983539777535, -83.80019187927246 9.78447063109153, -83.69711458683015 9.914389794902185, -83.86083126068115 9.908265226548764, -83.86308968067169 9.980938863268324, -83.90461564064026 10.052117305131944, -83.9343774318695 9.967492765206455))",,Puntarenas,Quepos,Quepos,60601,al costado este del Malecón. Al costado sur del Parque Central de Quepos ,83035776,,,https://www.facebook.com/feriadelagricultorquepos/,,,,Pacífico Central,mercado,lane,false,true,true,true,true,true,true,true,true,false,true,false,,true,true,
sanantoniodebelen,San Antonio de Belén,,,Fr 08:00-19:00; Sa 05:00-14:00,SRID=4326;POINT (-84.1786894604296 9.98036492305001),"SRID=4326;POLYGON ((-83.9343774318695 9.967492765206455, -84.09253120422363 9.9290005763965, -84.08341705799103 9.778496959885052, -83.90381097793579 9.69983539777535, -83.80019187927246 9.78447063109153, -83.69711458683015 9.914389794902185, -83.86083126068115 9.908265226548764, -83.86308968067169 9.980938863268324, -83.90461564064026 10.052117305131944, -83.9343774318695 9.967492765206455))",,Heredia,Belén,San Antonio,40701,al costado oeste de la cancha de deportes de Belén ,22895506,,,https://www.facebook.com/people/Feria-del-Agricultor-San-Antonio-de-Bel%C3%A9n-Costa-Rica/100047007956440/,,,,Central Central,mercado,surface,false,true,true,true,true,true,true,true,true,false,false,false,,true,false,
sanisidro,San Isidro,,,Su 05:00-13:00,SRID=4326;POINT (-84.055844170665 10.0169560340398),"SRID=4326;POLYGON ((-83.9343774318695 9.967492765206455, -84.09253120422363 9.9290005763965, -84.08341705799103 9.778496959885052, -83.90381097793579 9.69983539777535, -83.80019187927246 9.78447063109153, -83.69711458683015 9.914389794902185, -83.86083126068115 9.908265226548764, -83.86308968067169 9.980938863268324, -83.90461564064026 10.052117305131944, -83.9343774318695 9.967492765206455))",,Heredia,San Isidro,San Isidro,40601,al costado este de la plaza de deportes ,22685787,,,https://www.facebook.com/feriadelagricultor.sanisidroheredia/?locale=es_LA,,,,Central Occidental Este,feria,lane,false,true,false,false,false,false,true,true,true,false,true,false,,true,true,
sanjoaquin,San Joaquín de Flores,,,Fr 06:00-20:00; Sa 05:00-14:00,SRID=4326;POINT (-84.1509958542457 10.0033186196777),"SRID=4326;POLYGON ((-83.9343774318695 9.967492765206455, -84.09253120422363 9.9290005763965, -84.08341705799103 9.778496959885052, -83.90381097793579 9.69983539777535, -83.80019187927246 9.78447063109153, -83.69711458683015 9.914389794902185, -83.86083126068115 9.908265226548764, -83.86308968067169 9.980938863268324, -83.90461564064026 10.052117305131944, -83.9343774318695 9.967492765206455))",,Heredia,Flores,San Joaquín,40801,al costado este de la iglesia de San Joaquín ,40335669,feriasembradoresunidos@gmail.com,,https://www.facebook.com/Feriasembradoresunidos/?locale=es_LA,,,,Central Occidental Este,mercado,surface,true,true,true,true,true,true,true,true,true,true,true,true,,true,false,
sanjuandedios,San Juan de Dios,,,,SRID=4326;POINT (-84.0851914363434 9.87784041459847),"SRID=4326;POLYGON ((-83.9343774318695 9.967492765206455, -84.09253120422363 9.9290005763965, -84.08341705799103 9.778496959885052, -83.90381097793579 9.69983539777535, -83.80019187927246 9.78447063109153, -83.69711458683015 9.914389794902185, -83.86083126068115 9.908265226548764, -83.86308968067169 9.980938863268324, -83.90461564064026 10.052117305131944, -83.9343774318695 9.967492765206455))",,San José,Desamparados,San Juan de Dios,10303,frente al Ebais ,22599535,,,,,,Asoc. Des. San Juan de Dios,Central Oriental,mercado,surface,true,true,true,true,true,true,true,true,true,false,true,true,,true,true,
sanluis,San Luis de Santo Domingo,,,Su 06:00-12:00,SRID=4326;POINT (-84.0291429904243 10.0082381914384),"SRID=4326;POLYGON ((-83.9343774318695 9.967492765206455, -84.09253120422363 9.9290005763965, -84.08341705799103 9.778496959885052, -83.90381097793579 9.69983539777535, -83.80019187927246 9.78447063109153, -83.69711458683015 9.914389794902185, -83.86083126068115 9.908265226548764, -83.86308968067169 9.980938863268324, -83.90461564064026 10.052117305131944, -83.9343774318695 9.967492765206455))",,Heredia,Santo Domingo,San Luis,40308,al costado norte de la iglesia de San Luis. Al costado este de la plaza de deportes  ,22684418,candygonzalez0501@gmail.com,,https://www.facebook.com/p/Feria-del-agricultor-en-San-Luis-100057276466207/,,,,Central Occidental Este,feria,lane,false,false,false,false,true,true,false,false,false,false,false,false,,true,false,
sanmateo,San Mateo,,,Th 14:00-21:00,SRID=4326;POINT (-84.5236624352292 9.93868479222825),"SRID=4326;POLYGON ((-83.9343774318695 9.967492765206455, -84.09253120422363 9.9290005763965, -84.08341705799103 9.778496959885052, -83.90381097793579 9.69983539777535, -83.80019187927246 9.78447063109153, -83.69711458683015 9.914389794902185, -83.86083126068115 9.908265226548764, -83.86308968067169 9.980938863268324, -83.90461564064026 10.052117305131944, -83.9343774318695 9.967492765206455))",,Alajuela,San Mateo,San Mateo,20401,en el salón multiuso de San Mateo ,24280393,,,https://es-la.facebook.com/pages/category/Agricultural-Service/Feria-del-Agricultor-San-Mateo-111706319547412/,,,,Pacífico Central,feria,surface,true,true,true,true,true,true,true,true,false,true,true,false,,true,true,
sanpablodeheredia,San Pablo de Heredia,,,Sa 05:00-14:00,SRID=4326;POINT (-84.0953974932596 9.99710657958422),"SRID=4326;POLYGON ((-83.9343774318695 9.967492765206455, -84.09253120422363 9.9290005763965, -84.08341705799103 9.778496959885052, -83.90381097793579 9.69983539777535, -83.80019187927246 9.78447063109153, -83.69711458683015 9.914389794902185, -83.86083126068115 9.908265226548764, -83.86308968067169 9.980938863268324, -83.90461564064026 10.052117305131944, -83.9343774318695 9.967492765206455))",,Heredia,San Pablo,San Pablo,40901,"de la Municipalidad de San Pablo, 50 m al este y 100 m al norte. Frente al Liceo Mario Vindas Salazar ",24303898,,,https://m.facebook.com/profile.php?id=747216012278889,,,,Central Occidental Este,feria,lane,false,false,false,true,true,true,true,true,true,false,false,false,,true,false,
sanpablodeturrubares,San Pablo de Turrubares,,,Sa 05:00-12:00,SRID=4326;POINT (-84.4423876540983 9.90808161468253),"SRID=4326;POLYGON ((-83.9343774318695 9.967492765206455, -84.09253120422363 9.9290005763965, -84.08341705799103 9.778496959885052, -83.90381097793579 9.69983539777535, -83.80019187927246 9.78447063109153, -83.69711458683015 9.914389794902185, -83.86083126068115 9.908265226548764, -83.86308968067169 9.980938863268324, -83.90461564064026 10.052117305131944, -83.9343774318695 9.967492765206455))",,San José,Turrubares,San Pablo,11601,"de la delegación policial, 100 m al sur y 200 m al oeste. Al costado oeste del Parque Central de San Pablo",24469033,,,,,,Centro Agrícola Cantonal de Atenas,Central Occidental Oeste,feria,,,,,,,,,,,,,,,,,
sanpedro,San Pedro de Montes de Oca,,,Su 05:00-12:00,SRID=4326;POINT (-84.0529028932081 9.93294965726849),"SRID=4326;POLYGON ((-83.9343774318695 9.967492765206455, -84.09253120422363 9.9290005763965, -84.08341705799103 9.778496959885052, -83.90381097793579 9.69983539777535, -83.80019187927246 9.78447063109153, -83.69711458683015 9.914389794902185, -83.86083126068115 9.908265226548764, -83.86308968067169 9.980938863268324, -83.90461564064026 10.052117305131944, -83.9343774318695 9.967492765206455))",S,San José,Montes de Oca,San Pedro,11501,"al costado norte del parque Kennedy, contiguo a la Municipalidad de Montes de Oca",25738465,centroagricola.elguarco@gmail.com,,https://www.facebook.com/feriatejar/,,,,Central Oriental,feria,lane,false,false,false,true,true,true,true,true,true,true,true,true,,true,false,
sanrafaelabajo,San Rafael Abajo,,,,SRID=4326;POINT (-84.0838462198038 9.89857857699921),"SRID=4326;POLYGON ((-83.9343774318695 9.967492765206455, -84.09253120422363 9.9290005763965, -84.08341705799103 9.778496959885052, -83.90381097793579 9.69983539777535, -83.80019187927246 9.78447063109153, -83.69711458683015 9.914389794902185, -83.86083126068115 9.908265226548764, -83.86308968067169 9.980938863268324, -83.90461564064026 10.052117305131944, -83.9343774318695 9.967492765206455))",,San José,Desamparados,San Rafael Abajo,10311,al costado sur de la cancha de deportes de la Valencia. Al costado oeste de la Unidad Pedagógica de Valencia,25440014,,,,,,Centro Agrícola Cantonal Desamparados,Central Oriental,feria,,,,,,,,,,,,,,,,,
sanrafaelarriba,San Rafael Arriba,,,,SRID=4326;POINT (-84.073801726579 9.87450523905408),"SRID=4326;POLYGON ((-83.9343774318695 9.967492765206455, -84.09253120422363 9.9290005763965, -84.08341705799103 9.778496959885052, -83.90381097793579 9.69983539777535, -83.80019187927246 9.78447063109153, -83.69711458683015 9.914389794902185, -83.86083126068115 9.908265226548764, -83.86308968067169 9.980938863268324, -83.90461564064026 10.052117305131944, -83.9343774318695 9.967492765206455))",,San José,Desamparados,San Rafael Arriba,10304,al costado este de la iglesia de San Rafael Arcángel,25440014,,,,,,Centro Agrícola Cantonal Desamparados,Central Oriental,feria,,,,,,,,,,,,,,,,,
sanrafaeldealajuela,San Rafael de Alajuela,,,Su 05:30-11:30,SRID=4326;POINT (-84.213828657913 9.97275176072241),"SRID=4326;POLYGON ((-83.9343774318695 9.967492765206455, -84.09253120422363 9.9290005763965, -84.08341705799103 9.778496959885052, -83.90381097793579 9.69983539777535, -83.80019187927246 9.78447063109153, -83.69711458683015 9.914389794902185, -83.86083126068115 9.908265226548764, -83.86308968067169 9.980938863268324, -83.90461564064026 10.052117305131944, -83.9343774318695 9.967492765206455))",,Alajuela,Alajuela,San Rafael,20108,al costado oeste de la iglesia de San Rafael Arcángel. Al costado sur de la plaza de deportes ,24385683,juanramoncalvo@hotmail.com,https://feria-del-agricultor-san-rafael-alajuela.negocio.site/,,,,Asoc. Parceleros San Rafael,Central Central,mercado,surface,false,false,true,true,true,true,true,true,false,false,false,false,,true,true,
sanrafaeldeheredia,San Rafael de Heredia,,,Sa 05:00-14:00; Su 05:00-13:00 ,SRID=4326;POINT (-84.1015749063929 10.011259533369),"SRID=4326;POLYGON ((-83.9343774318695 9.967492765206455, -84.09253120422363 9.9290005763965, -84.08341705799103 9.778496959885052, -83.90381097793579 9.69983539777535, -83.80019187927246 9.78447063109153, -83.69711458683015 9.914389794902185, -83.86083126068115 9.908265226548764, -83.86308968067169 9.980938863268324, -83.90461564064026 10.052117305131944, -83.9343774318695 9.967492765206455))",,Heredia,San Rafael,San Rafael,40501,"al lado del Ebais, el Domo de San Rafael. Diagonal al parqueo municipal ",60684635,cacsanrafaelheredia@gmail.com,,https://m.facebook.com/profile.php?id=494706081043786,,,,Central Occidental Este,feria,surface,true,true,true,true,true,true,true,true,true,false,true,true,,true,true,
sanrafaeldemontesdeoca,San Rafael de Montes de Oca,La Fiesta del Agricultor,,Fr 07:00-20:00; Sa 06:00-13:00,SRID=4326;POINT (-84.0185690585453 9.94337945738795),"SRID=4326;POLYGON ((-83.9343774318695 9.967492765206455, -84.09253120422363 9.9290005763965, -84.08341705799103 9.778496959885052, -83.90381097793579 9.69983539777535, -83.80019187927246 9.78447063109153, -83.69711458683015 9.914389794902185, -83.86083126068115 9.908265226548764, -83.86308968067169 9.980938863268324, -83.90461564064026 10.052117305131944, -83.9343774318695 9.967492765206455))",,San José,Montes de Oca,San Rafael,11504,150 m al este del Ebais de San Rafael. Diagonal a la Ciudad Hogar Calasanz ,,,,,,,,,,street_side,false,true,true,true,true,false,true,true,false,false,false,false,,false,false,
sanramon,San Ramón,,,Fr 10:00-20:00; Sa 07:00-12:00,SRID=4326;POINT (-84.4761984373437 10.0875765934024),"SRID=4326;POLYGON ((-83.9343774318695 9.967492765206455, -84.09253120422363 9.9290005763965, -84.08341705799103 9.778496959885052, -83.90381097793579 9.69983539777535, -83.80019187927246 9.78447063109153, -83.69711458683015 9.914389794902185, -83.86083126068115 9.908265226548764, -83.86308968067169 9.980938863268324, -83.90461564064026 10.052117305131944, -83.9343774318695 9.967492765206455))",L,Alajuela,San Ramón,San Ramón,20201,"de la Sede Occidente de la Universidad de Costa Rica, 150 m al norte ",24457585,,,https://www.facebook.com/people/Centro-Agr%C3%ADcola-Cantonal-de-San-Ram%C3%B3n/100063482856486/,,,,Central Occidental Oeste,feria,surface,true,true,true,true,true,true,true,true,true,true,true,true,,true,false,
sansebastian,San Sebastián,,,Sa 05:00-13:00,SRID=4326;POINT (-84.0821817973523 9.9107483055996),"SRID=4326;POLYGON ((-83.9343774318695 9.967492765206455, -84.09253120422363 9.9290005763965, -84.08341705799103 9.778496959885052, -83.90381097793579 9.69983539777535, -83.80019187927246 9.78447063109153, -83.69711458683015 9.914389794902185, -83.86083126068115 9.908265226548764, -83.86308968067169 9.980938863268324, -83.90461564064026 10.052117305131944, -83.9343774318695 9.967492765206455))",,San José,San José,San Sebastián,10111,barrio Kennedy: al costado sur del parque,24161083,,https://feria-del-agricultor-san-sebastian.negocio.site/,,,,Comité de Ferias de la Región Central Central,Central Central,mercado,lane,false,false,false,false,true,true,true,true,false,false,false,false,,true,false,
santaana,Santa Ana,,,Su 05:00-13:00,SRID=4326;POINT (-84.1803615584208 9.93320379719048),"SRID=4326;POLYGON ((-83.9343774318695 9.967492765206455, -84.09253120422363 9.9290005763965, -84.08341705799103 9.778496959885052, -83.90381097793579 9.69983539777535, -83.80019187927246 9.78447063109153, -83.69711458683015 9.914389794902185, -83.86083126068115 9.908265226548764, -83.86308968067169 9.980938863268324, -83.90461564064026 10.052117305131944, -83.9343774318695 9.967492765206455))",,San José,Santa Ana,Santa Ana,10901,contiguo a la Municipalidad de Santa Ana. En la esquina noreste del Parque Recreativo y Deportivo de Santa Ana ,22825986,,,https://m.facebook.com/people/Centro-Agr%C3%ADcola-Cantonal-de-Santa-Ana/100064015658104/,,,,Central Central,feria,lane,false,false,true,false,false,true,false,true,true,true,true,false,,true,false,
santabarbara,Santa Bárbara,,,Sa 05:00-14:00,SRID=4326;POINT (-84.1581973601211 10.0353607230841),"SRID=4326;POLYGON ((-83.9343774318695 9.967492765206455, -84.09253120422363 9.9290005763965, -84.08341705799103 9.778496959885052, -83.90381097793579 9.69983539777535, -83.80019187927246 9.78447063109153, -83.69711458683015 9.914389794902185, -83.86083126068115 9.908265226548764, -83.86308968067169 9.980938863268324, -83.90461564064026 10.052117305131944, -83.9343774318695 9.967492765206455))",,Heredia,Santa Bárbara,Santa Bárbara,40401,"de la iglesia, 50 m al oeste y 200 m al sur. Diagonal al salón comunal",22692262,cacstb@gmail.com,,https://www.facebook.com/cacstb,,,,Central Occidental Este,feria,lane,false,true,true,false,true,false,false,false,false,false,false,false,,true,false,
santacruz,Santa Cruz,,,Sa 05:00-14:00,SRID=4326;POINT (-85.5809205820149 10.2635717550559),"SRID=4326;POLYGON ((-83.9343774318695 9.967492765206455, -84.09253120422363 9.9290005763965, -84.08341705799103 9.778496959885052, -83.90381097793579 9.69983539777535, -83.80019187927246 9.78447063109153, -83.69711458683015 9.914389794902185, -83.86083126068115 9.908265226548764, -83.86308968067169 9.980938863268324, -83.90461564064026 10.052117305131944, -83.9343774318695 9.967492765206455))",,Guanacaste,Santa Cruz,Santa Cruz,50301,"de la terminal de buses de Santa Cruz, 300 m al este",87759779,,,,,,Asociación de Productores de la Feria de Santa Cruz,Chorotega,mercado,surface,true,true,false,true,true,true,true,true,true,false,true,true,,true,true,
santodomingo,Santo Domingo,,,Sa 05:00-13:00,SRID=4326;POINT (-84.0882273101045 9.98121056273242),"SRID=4326;POLYGON ((-83.9343774318695 9.967492765206455, -84.09253120422363 9.9290005763965, -84.08341705799103 9.778496959885052, -83.90381097793579 9.69983539777535, -83.80019187927246 9.78447063109153, -83.69711458683015 9.914389794902185, -83.86083126068115 9.908265226548764, -83.86308968067169 9.980938863268324, -83.90461564064026 10.052117305131944, -83.9343774318695 9.967492765206455))",,Heredia,Santo Domingo,Santo Domingo,40301,al costado sur de la plaza de deportes,84130423,,,,,,Centro Agrícola Cantonal San Isidro,Central Occidental Este,feria,lane,false,false,false,true,true,true,true,true,true,true,true,true,,true,true,
sarchi,Sarchí,,,Sa 04:00-13:00,SRID=4326;POINT (-84.3455173779098 10.0945449909814),"SRID=4326;POLYGON ((-83.9343774318695 9.967492765206455, -84.09253120422363 9.9290005763965, -84.08341705799103 9.778496959885052, -83.90381097793579 9.69983539777535, -83.80019187927246 9.78447063109153, -83.69711458683015 9.914389794902185, -83.86083126068115 9.908265226548764, -83.86308968067169 9.980938863268324, -83.90461564064026 10.052117305131944, -83.9343774318695 9.967492765206455))",,Alajuela,Valverde Vega,Sarchí,21201,"del estadio municipal, 50 m al sur en el campo ferial ",24544017,plataformadeservicios@munisarchi.go.cr,https://www.munisarchi.go.cr/,,,,Centro Agrícola Cantonal de Sarchí,Central Occidental Oeste,feria,surface,false,true,false,true,true,true,true,false,true,true,true,false,,true,true,
siquirres,Siquirres,,,Th 06:00-14:00; Fr 06:00-14:00,SRID=4326;POINT (-83.4972819756895 10.0941991550525),"SRID=4326;POLYGON ((-83.9343774318695 9.967492765206455, -84.09253120422363 9.9290005763965, -84.08341705799103 9.778496959885052, -83.90381097793579 9.69983539777535, -83.80019187927246 9.78447063109153, -83.69711458683015 9.914389794902185, -83.86083126068115 9.908265226548764, -83.86308968067169 9.980938863268324, -83.90461564064026 10.052117305131944, -83.9343774318695 9.967492765206455))",,Limón,Siquirres,Siquirres,70301,"del gimnasio municipal, 50 m al norte, contiguo a CECUDI ",27686825,,,,,,Centro Agrícola Cantonal de Siquirres,Atlántico,feria,,,,,,,,,,,,,,,,,
tabarcia,Tabarcia,,,,SRID=4326;POINT (-84.2324182497815 9.84823471057173),"SRID=4326;POLYGON ((-83.9343774318695 9.967492765206455, -84.09253120422363 9.9290005763965, -84.08341705799103 9.778496959885052, -83.90381097793579 9.69983539777535, -83.80019187927246 9.78447063109153, -83.69711458683015 9.914389794902185, -83.86083126068115 9.908265226548764, -83.86308968067169 9.980938863268324, -83.90461564064026 10.052117305131944, -83.9343774318695 9.967492765206455))",,San José,Mora,Tabarcia,10703,en las instalaciones del Centro Agrícola,24185712,,,,,,Centro Agrícola Cantonal de Mora,Central Central,feria,,,,,,,,,,,,,,,,,
tarrazu,Tarrazú,,,Sa 06:00-14:00,SRID=4326;POINT (-84.0221416 9.66038379036069),"SRID=4326;POLYGON ((-83.9343774318695 9.967492765206455, -84.09253120422363 9.9290005763965, -84.08341705799103 9.778496959885052, -83.90381097793579 9.69983539777535, -83.80019187927246 9.78447063109153, -83.69711458683015 9.914389794902185, -83.86083126068115 9.908265226548764, -83.86308968067169 9.980938863268324, -83.90461564064026 10.052117305131944, -83.9343774318695 9.967492765206455))",,San José,Tarrazú,San Marcos,10501,en la plazoleta del parque de San Marcos de Tarrazú ,,,,https://www.facebook.com/FeriaAgricTarrazu/,,,,,,street_side,false,false,true,false,true,true,true,false,false,false,true,false,,true,false,
elguarco,Tejar de El Guarco,,,Sa 05:00-12:00,SRID=4326;POINT (-83.940268333811 9.84721995250342),"SRID=4326;POLYGON ((-83.9343774318695 9.967492765206455, -84.09253120422363 9.9290005763965, -84.08341705799103 9.778496959885052, -83.90381097793579 9.69983539777535, -83.80019187927246 9.78447063109153, -83.69711458683015 9.914389794902185, -83.86083126068115 9.908265226548764, -83.86308968067169 9.980938863268324, -83.90461564064026 10.052117305131944, -83.9343774318695 9.967492765206455))",,Cartago,El Guarco,El Tejar,30801,diagonal a la Guardia Rural,25738465,centroagricola.elguarco@gmail.com,,https://www.facebook.com/feriatejar/,,,,Central Oriental,feria,street_side,true,false,false,true,true,true,true,true,true,true,true,true,,true,false,
tibas,Tibás,,,Sa 05:00-14:00,SRID=4326;POINT (-84.0753203633719 9.96477161225442),"SRID=4326;POLYGON ((-83.9343774318695 9.967492765206455, -84.09253120422363 9.9290005763965, -84.08341705799103 9.778496959885052, -83.90381097793579 9.69983539777535, -83.80019187927246 9.78447063109153, -83.69711458683015 9.914389794902185, -83.86083126068115 9.908265226548764, -83.86308968067169 9.980938863268324, -83.90461564064026 10.052117305131944, -83.9343774318695 9.967492765206455))",XL,San José,Tibás,San Juan,11301,al costado sur del estadio Ricardo Saprissa Aymá ,22684418,,,https://m.facebook.com/profile.php?id=408468009936326,,,,Central Occidental Este,feria,lane,false,false,false,true,true,true,true,true,true,true,true,false,,true,true,
tilaran,Tilarán,,,Sa 07:00-13:00,SRID=4326;POINT (-84.9693500469043 10.4712723876938),"SRID=4326;POLYGON ((-83.9343774318695 9.967492765206455, -84.09253120422363 9.9290005763965, -84.08341705799103 9.778496959885052, -83.90381097793579 9.69983539777535, -83.80019187927246 9.78447063109153, -83.69711458683015 9.914389794902185, -83.86083126068115 9.908265226548764, -83.86308968067169 9.980938863268324, -83.90461564064026 10.052117305131944, -83.9343774318695 9.967492765206455))",,Guanacaste,Tilarán,Tilarán,50801,en el parqueo de la Municipalidad de Tilarán,,,,,,,,,,,,,,,,,,,,,,,,,,
tresrios,Tres Ríos,,,Sa 05:00-12:30,SRID=4326;POINT (-83.9844753548033 9.90698150773393),"SRID=4326;POLYGON ((-83.9343774318695 9.967492765206455, -84.09253120422363 9.9290005763965, -84.08341705799103 9.778496959885052, -83.90381097793579 9.69983539777535, -83.80019187927246 9.78447063109153, -83.69711458683015 9.914389794902185, -83.86083126068115 9.908265226548764, -83.86308968067169 9.980938863268324, -83.90461564064026 10.052117305131944, -83.9343774318695 9.967492765206455))",L,Cartago,La Unión,Tres Ríos,30301,al costado oeste de la Biblioteca Pública. Al costado este de Correos de Costa Rica ,25735216,terebonib@gmail.com,,https://www.facebook.com/people/Feria-del-Agricultor-de-Tres-R%C3%ADos/100057029336883/,,,,Central Oriental,mercado,lane,false,false,false,false,false,false,false,true,false,false,false,false,,true,false,
turrialba,Turrialba,,,Fr 06:00-17:00; Sa 06:00-17:00,SRID=4326;POINT (-83.6828801052656 9.90413940130072),"SRID=4326;POLYGON ((-83.9343774318695 9.967492765206455, -84.09253120422363 9.9290005763965, -84.08341705799103 9.778496959885052, -83.90381097793579 9.69983539777535, -83.80019187927246 9.78447063109153, -83.69711458683015 9.914389794902185, -83.86083126068115 9.908265226548764, -83.86308968067169 9.980938863268324, -83.90461564064026 10.052117305131944, -83.9343774318695 9.967492765206455))",,Cartago,Turrialba,Turrialba,30501,en la Antigua Estación del Atlántico ,,,,,,,Municipalidad de Turrialba,Atlántico,mercado,lane,false,true,true,false,true,true,true,true,true,false,true,true,,true,true,
turrucares,Turrúcares,,,Sa 05:00-12:00,SRID=4326;POINT (-84.3186867315244 9.95921516755583),"SRID=4326;POLYGON ((-83.9343774318695 9.967492765206455, -84.09253120422363 9.9290005763965, -84.08341705799103 9.778496959885052, -83.90381097793579 9.69983539777535, -83.80019187927246 9.78447063109153, -83.69711458683015 9.914389794902185, -83.86083126068115 9.908265226548764, -83.86308968067169 9.980938863268324, -83.90461564064026 10.052117305131944, -83.9343774318695 9.967492765206455))",,Alajuela,Alajuela,Turrúcares,20111,al costado oeste de la plaza de deportes ,24469033,,,,,,Centro Agrícola Cantonal de Atenas,Central Occidental Oeste,feria,,,,,,,,,,,,,,,,,
vargasaraya,Vargas Araya,Feria de Monterrey,,Sa 05:00-12:00,SRID=4326;POINT (-84.0370868515196 9.93627896982761),"SRID=4326;POLYGON ((-83.9343774318695 9.967492765206455, -84.09253120422363 9.9290005763965, -84.08341705799103 9.778496959885052, -83.90381097793579 9.69983539777535, -83.80019187927246 9.78447063109153, -83.69711458683015 9.914389794902185, -83.86083126068115 9.908265226548764, -83.86308968067169 9.980938863268324, -83.90461564064026 10.052117305131944, -83.9343774318695 9.967492765206455))",S,San José,Montes de Oca,San Pedro,11501,al costado este del salón comunal ,25738465,centroagricola.elguarco@gmail.com,,https://www.facebook.com/feriatejar/,,,,Central Oriental,feria,lane,true,false,false,true,true,true,true,true,true,true,true,true,,true,false,
villasdeayarco,Villas de Ayarco,,,Sa 07:00-11:00,SRID=4326;POINT (-84.013107452557 9.90130013984463),"SRID=4326;POLYGON ((-83.9343774318695 9.967492765206455, -84.09253120422363 9.9290005763965, -84.08341705799103 9.778496959885052, -83.90381097793579 9.69983539777535, -83.80019187927246 9.78447063109153, -83.69711458683015 9.914389794902185, -83.86083126068115 9.908265226548764, -83.86308968067169 9.980938863268324, -83.90461564064026 10.052117305131944, -83.9343774318695 9.967492765206455))",,Cartago,La Unión,Tres Ríos,30301,al frente a la escuela de Lomas de Ayarco,25367322,,,,,,Centro Agrícola Cantonal de Oreamuno,Central Oriental,feria,lane,false,false,false,false,false,false,false,false,false,false,false,false,,false,false,
zapote,Zapote,,,Su 05:00-14:00,SRID=4326;POINT (-84.0515309063931 9.91888373623603),"SRID=4326;POLYGON ((-83.9343774318695 9.967492765206455, -84.09253120422363 9.9290005763965, -84.08341705799103 9.778496959885052, -83.90381097793579 9.69983539777535, -83.80019187927246 9.78447063109153, -83.69711458683015 9.914389794902185, -83.86083126068115 9.908265226548764, -83.86308968067169 9.980938863268324, -83.90461564064026 10.052117305131944, -83.9343774318695 9.967492765206455))",XL,San José,San José,Zapote,10105,"campo ferial de Zapote, junto al redondel de toros",25440014,,,https://www.facebook.com/Zapoteferiadelagricultor?mibextid=ZbWKwL,,,,Central Oriental,feria,lane,false,true,false,false,true,false,true,true,true,true,true,true,,true,false,